{
  "global_delay_rate": 0.3907875,
  "airline_delay_rate": {
    "AA": 0.6749009125265001,
    "AS": 0.45438346400570206,
    "B6": 0.32311960542540075,
    "DL": 0.25842563525439793,
    "F9": 0.43368683718028694,
    "HA": 0.39135049084637835,
    "NK": 0.5475567646751073,
    "OO": 0.42886374578719305,
    "UA": 0.312397792313982,
    "WN": 0.14161129568106312
  },
  "origin_delay_rate": {
    "ATL": 0.3993622209716751,
    "BOS": 0.3952769187517571,
    "CLT": 0.39136960600375237,
    "DEN": 0.39256820319849484,
    "DFW": 0.3859402789478611,
    "IAH": 0.39659207939331526,
    "JFK": 0.38942937324602434,
    "LAS": 0.387882688241243,
    "LAX": 0.38560747663551403,
    "MCO": 0.3924336533032185,
    "MIA": 0.38548266865449127,
    "ORD": 0.38671655753040224,
    "PHX": 0.3933010722079894,
    "SEA": 0.3952322391448302,
    "SFO": 0.3847752172270495
  },
  "dest_delay_rate": {
    "ATL": 0.3873923910024993,
    "BOS": 0.38664668976495925,
    "CLT": 0.3957876679691223,
    "DEN": 0.3980392156862745,
    "DFW": 0.3951643369852663,
    "IAH": 0.393770119295588,
    "JFK": 0.3882145835263597,
    "LAS": 0.39014373716632444,
    "LAX": 0.38923933209647493,
    "MCO": 0.38620946008735246,
    "MIA": 0.391377694470478,
    "ORD": 0.38217046864560467,
    "PHX": 0.39487615806390625,
    "SEA": 0.3900442269690411,
    "SFO": 0.39284718996748724
  },
  "route_frequency": {
    "ATL-BOS": 705,
    "ATL-CLT": 778,
    "ATL-DEN": 781,
    "ATL-DFW": 750,
    "ATL-IAH": 723,
    "ATL-JFK": 727,
    "ATL-LAS": 822,
    "ATL-LAX": 777,
    "ATL-MCO": 795,
    "ATL-MIA": 748,
    "ATL-ORD": 752,
    "ATL-PHX": 794,
    "ATL-SEA": 735,
    "ATL-SFO": 775,
    "BOS-ATL": 750,
    "BOS-CLT": 726,
    "BOS-DEN": 750,
    "BOS-DFW": 744,
    "BOS-IAH": 764,
    "BOS-JFK": 777,
    "BOS-LAS": 732,
    "BOS-LAX": 761,
    "BOS-MCO": 810,
    "BOS-MIA": 797,
    "BOS-ORD": 776,
    "BOS-PHX": 734,
    "BOS-SEA": 773,
    "BOS-SFO": 777,
    "CLT-ATL": 772,
    "CLT-BOS": 771,
    "CLT-DEN": 725,
    "CLT-DFW": 733,
    "CLT-IAH": 762,
    "CLT-JFK": 788,
    "CLT-LAS": 747,
    "CLT-LAX": 806,
    "CLT-MCO": 792,
    "CLT-MIA": 745,
    "CLT-ORD": 757,
    "CLT-PHX": 747,
    "CLT-SEA": 765,
    "CLT-SFO": 750,
    "DEN-ATL": 814,
    "DEN-BOS": 776,
    "DEN-CLT": 732,
    "DEN-DFW": 764,
    "DEN-IAH": 808,
    "DEN-JFK": 721,
    "DEN-LAS": 740,
    "DEN-LAX": 728,
    "DEN-MCO": 724,
    "DEN-MIA": 838,
    "DEN-ORD": 727,
    "DEN-PHX": 776,
    "DEN-SEA": 731,
    "DEN-SFO": 751,
    "DFW-ATL": 801,
    "DFW-BOS": 812,
    "DFW-CLT": 737,
    "DFW-DEN": 786,
    "DFW-IAH": 718,
    "DFW-JFK": 750,
    "DFW-LAS": 763,
    "DFW-LAX": 772,
    "DFW-MCO": 751,
    "DFW-MIA": 728,
    "DFW-ORD": 764,
    "DFW-PHX": 770,
    "DFW-SEA": 767,
    "DFW-SFO": 764,
    "IAH-ATL": 772,
    "IAH-BOS": 745,
    "IAH-CLT": 775,
    "IAH-DEN": 777,
    "IAH-DFW": 719,
    "IAH-JFK": 805,
    "IAH-LAS": 745,
    "IAH-LAX": 741,
    "IAH-MCO": 816,
    "IAH-MIA": 752,
    "IAH-ORD": 759,
    "IAH-PHX": 731,
    "IAH-SEA": 757,
    "IAH-SFO": 787,
    "JFK-ATL": 784,
    "JFK-BOS": 734,
    "JFK-CLT": 754,
    "JFK-DEN": 800,
    "JFK-DFW": 705,
    "JFK-IAH": 773,
    "JFK-LAS": 759,
    "JFK-LAX": 762,
    "JFK-MCO": 772,
    "JFK-MIA": 759,
    "JFK-ORD": 740,
    "JFK-PHX": 800,
    "JFK-SEA": 748,
    "JFK-SFO": 800,
    "LAS-ATL": 817,
    "LAS-BOS": 794,
    "LAS-CLT": 787,
    "LAS-DEN": 774,
    "LAS-DFW": 731,
    "LAS-IAH": 803,
    "LAS-JFK": 819,
    "LAS-LAX": 792,
    "LAS-MCO": 757,
    "LAS-MIA": 726,
    "LAS-ORD": 739,
    "LAS-PHX": 774,
    "LAS-SEA": 754,
    "LAS-SFO": 810,
    "LAX-ATL": 709,
    "LAX-BOS": 779,
    "LAX-CLT": 753,
    "LAX-DEN": 761,
    "LAX-DFW": 784,
    "LAX-IAH": 757,
    "LAX-JFK": 781,
    "LAX-LAS": 798,
    "LAX-MCO": 779,
    "LAX-MIA": 813,
    "LAX-ORD": 770,
    "LAX-PHX": 755,
    "LAX-SEA": 724,
    "LAX-SFO": 737,
    "MCO-ATL": 811,
    "MCO-BOS": 748,
    "MCO-CLT": 790,
    "MCO-DEN": 709,
    "MCO-DFW": 847,
    "MCO-IAH": 742,
    "MCO-JFK": 747,
    "MCO-LAS": 793,
    "MCO-LAX": 743,
    "MCO-MIA": 745,
    "MCO-ORD": 706,
    "MCO-PHX": 716,
    "MCO-SEA": 739,
    "MCO-SFO": 790,
    "MIA-ATL": 763,
    "MIA-BOS": 770,
    "MIA-CLT": 750,
    "MIA-DEN": 764,
    "MIA-DFW": 759,
    "MIA-IAH": 755,
    "MIA-JFK": 803,
    "MIA-LAS": 757,
    "MIA-LAX": 787,
    "MIA-MCO": 802,
    "MIA-ORD": 728,
    "MIA-PHX": 749,
    "MIA-SEA": 728,
    "MIA-SFO": 817,
    "ORD-ATL": 751,
    "ORD-BOS": 772,
    "ORD-CLT": 763,
    "ORD-DEN": 746,
    "ORD-DFW": 809,
    "ORD-IAH": 765,
    "ORD-JFK": 755,
    "ORD-LAS": 774,
    "ORD-LAX": 818,
    "ORD-MCO": 718,
    "ORD-MIA": 744,
    "ORD-PHX": 740,
    "ORD-SEA": 799,
    "ORD-SFO": 736,
    "PHX-ATL": 756,
    "PHX-BOS": 762,
    "PHX-CLT": 714,
    "PHX-DEN": 766,
    "PHX-DFW": 735,
    "PHX-IAH": 743,
    "PHX-JFK": 765,
    "PHX-LAS": 739,
    "PHX-LAX": 743,
    "PHX-MCO": 782,
    "PHX-MIA": 715,
    "PHX-ORD": 730,
    "PHX-SEA": 815,
    "PHX-SFO": 774,
    "SEA-ATL": 753,
    "SEA-BOS": 741,
    "SEA-CLT": 712,
    "SEA-DEN": 768,
    "SEA-DFW": 744,
    "SEA-IAH": 737,
    "SEA-JFK": 777,
    "SEA-LAS": 763,
    "SEA-LAX": 768,
    "SEA-MCO": 785,
    "SEA-MIA": 799,
    "SEA-ORD": 760,
    "SEA-PHX": 767,
    "SEA-SFO": 697,
    "SFO-ATL": 750,
    "SFO-BOS": 770,
    "SFO-CLT": 722,
    "SFO-DEN": 803,
    "SFO-DFW": 764,
    "SFO-IAH": 712,
    "SFO-JFK": 778,
    "SFO-LAS": 782,
    "SFO-LAX": 782,
    "SFO-MCO": 678,
    "SFO-MIA": 761,
    "SFO-ORD": 769,
    "SFO-PHX": 725,
    "SFO-SEA": 792
  }
}