{
  "global_delay_rate": 0.39073122997320164,
  "airline_delay_rate": {
    "AA": 0.677416299663778,
    "AS": 0.45360514763365206,
    "B6": 0.32262587635436585,
    "DL": 0.25829383886255924,
    "F9": 0.4216990788126919,
    "HA": 0.38986724464914657,
    "NK": 0.5432484900776532,
    "OO": 0.4307806507484845,
    "UA": 0.3147453920649797,
    "WN": 0.14479369651783444
  },
  "origin_delay_rate": {
    "ATL": 0.3991503331080429,
    "BOS": 0.3969236722453323,
    "CLT": 0.38846998186503773,
    "DEN": 0.40127813811522317,
    "DFW": 0.38712471131639725,
    "IAH": 0.3992326139088729,
    "JFK": 0.38679786014520445,
    "LAS": 0.3850221928416281,
    "LAX": 0.38287638287638287,
    "MCO": 0.3920492828953701,
    "MIA": 0.38577999233422766,
    "ORD": 0.38410786001147446,
    "PHX": 0.3932236205227493,
    "SEA": 0.3935415868148716,
    "SFO": 0.3855491329479769
  },
  "dest_delay_rate": {
    "ATL": 0.38945038020983735,
    "BOS": 0.38883587786259544,
    "CLT": 0.39634383508362503,
    "DEN": 0.39618320610687024,
    "DFW": 0.39727351832157015,
    "IAH": 0.3934125374287646,
    "JFK": 0.38799010277883517,
    "LAS": 0.3917784425359452,
    "LAX": 0.38686200378071833,
    "MCO": 0.387458432304038,
    "MIA": 0.391350110037317,
    "ORD": 0.38228505481823427,
    "PHX": 0.39429350472295255,
    "SEA": 0.3892037268273941,
    "SFO": 0.3885350318471338
  },
  "route_frequency": {
    "ATL-BOS": 681,
    "ATL-CLT": 750,
    "ATL-DEN": 757,
    "ATL-DFW": 728,
    "ATL-IAH": 709,
    "ATL-JFK": 720,
    "ATL-LAS": 776,
    "ATL-LAX": 771,
    "ATL-MCO": 773,
    "ATL-MIA": 719,
    "ATL-ORD": 736,
    "ATL-PHX": 768,
    "ATL-SEA": 716,
    "ATL-SFO": 753,
    "BOS-ATL": 701,
    "BOS-CLT": 720,
    "BOS-DEN": 734,
    "BOS-DFW": 741,
    "BOS-IAH": 765,
    "BOS-JFK": 746,
    "BOS-LAS": 701,
    "BOS-LAX": 746,
    "BOS-MCO": 779,
    "BOS-MIA": 782,
    "BOS-ORD": 741,
    "BOS-PHX": 715,
    "BOS-SEA": 740,
    "BOS-SFO": 726,
    "CLT-ATL": 731,
    "CLT-BOS": 766,
    "CLT-DEN": 727,
    "CLT-DFW": 714,
    "CLT-IAH": 717,
    "CLT-JFK": 755,
    "CLT-LAS": 733,
    "CLT-LAX": 793,
    "CLT-MCO": 788,
    "CLT-MIA": 755,
    "CLT-ORD": 753,
    "CLT-PHX": 730,
    "CLT-SEA": 773,
    "CLT-SFO": 742,
    "DEN-ATL": 781,
    "DEN-BOS": 754,
    "DEN-CLT": 731,
    "DEN-DFW": 737,
    "DEN-IAH": 784,
    "DEN-JFK": 712,
    "DEN-LAS": 739,
    "DEN-LAX": 706,
    "DEN-MCO": 746,
    "DEN-MIA": 813,
    "DEN-ORD": 737,
    "DEN-PHX": 756,
    "DEN-SEA": 728,
    "DEN-SFO": 760,
    "DFW-ATL": 744,
    "DFW-BOS": 802,
    "DFW-CLT": 734,
    "DFW-DEN": 749,
    "DFW-IAH": 737,
    "DFW-JFK": 723,
    "DFW-LAS": 756,
    "DFW-LAX": 758,
    "DFW-MCO": 709,
    "DFW-MIA": 695,
    "DFW-ORD": 741,
    "DFW-PHX": 761,
    "DFW-SEA": 727,
    "DFW-SFO": 756,
    "IAH-ATL": 728,
    "IAH-BOS": 742,
    "IAH-CLT": 768,
    "IAH-DEN": 738,
    "IAH-DFW": 730,
    "IAH-JFK": 771,
    "IAH-LAS": 725,
    "IAH-LAX": 733,
    "IAH-MCO": 789,
    "IAH-MIA": 717,
    "IAH-ORD": 749,
    "IAH-PHX": 741,
    "IAH-SEA": 763,
    "IAH-SFO": 731,
    "JFK-ATL": 748,
    "JFK-BOS": 750,
    "JFK-CLT": 751,
    "JFK-DEN": 762,
    "JFK-DFW": 678,
    "JFK-IAH": 748,
    "JFK-LAS": 737,
    "JFK-LAX": 747,
    "JFK-MCO": 759,
    "JFK-MIA": 753,
    "JFK-ORD": 754,
    "JFK-PHX": 778,
    "JFK-SEA": 724,
    "JFK-SFO": 779,
    "LAS-ATL": 777,
    "LAS-BOS": 770,
    "LAS-CLT": 755,
    "LAS-DEN": 771,
    "LAS-DFW": 701,
    "LAS-IAH": 802,
    "LAS-JFK": 780,
    "LAS-LAX": 776,
    "LAS-MCO": 739,
    "LAS-MIA": 730,
    "LAS-ORD": 714,
    "LAS-PHX": 734,
    "LAS-SEA": 768,
    "LAS-SFO": 772,
    "LAX-ATL": 700,
    "LAX-BOS": 752,
    "LAX-CLT": 703,
    "LAX-DEN": 729,
    "LAX-DFW": 768,
    "LAX-IAH": 723,
    "LAX-JFK": 741,
    "LAX-LAS": 769,
    "LAX-MCO": 772,
    "LAX-MIA": 788,
    "LAX-ORD": 772,
    "LAX-PHX": 730,
    "LAX-SEA": 719,
    "LAX-SFO": 729,
    "MCO-ATL": 771,
    "MCO-BOS": 747,
    "MCO-CLT": 737,
    "MCO-DEN": 731,
    "MCO-DFW": 795,
    "MCO-IAH": 726,
    "MCO-JFK": 740,
    "MCO-LAS": 771,
    "MCO-LAX": 723,
    "MCO-MIA": 722,
    "MCO-ORD": 721,
    "MCO-PHX": 690,
    "MCO-SEA": 750,
    "MCO-SFO": 765,
    "MIA-ATL": 746,
    "MIA-BOS": 759,
    "MIA-CLT": 737,
    "MIA-DEN": 759,
    "MIA-DFW": 730,
    "MIA-IAH": 739,
    "MIA-JFK": 783,
    "MIA-LAS": 701,
    "MIA-LAX": 774,
    "MIA-MCO": 764,
    "MIA-ORD": 694,
    "MIA-PHX": 717,
    "MIA-SEA": 725,
    "MIA-SFO": 808,
    "ORD-ATL": 745,
    "ORD-BOS": 754,
    "ORD-CLT": 757,
    "ORD-DEN": 739,
    "ORD-DFW": 799,
    "ORD-IAH": 752,
    "ORD-JFK": 748,
    "ORD-LAS": 762,
    "ORD-LAX": 789,
    "ORD-MCO": 692,
    "ORD-MIA": 741,
    "ORD-PHX": 691,
    "ORD-SEA": 759,
    "ORD-SFO": 730,
    "PHX-ATL": 735,
    "PHX-BOS": 741,
    "PHX-CLT": 710,
    "PHX-DEN": 732,
    "PHX-DFW": 735,
    "PHX-IAH": 726,
    "PHX-JFK": 754,
    "PHX-LAS": 709,
    "PHX-LAX": 722,
    "PHX-MCO": 756,
    "PHX-MIA": 735,
    "PHX-ORD": 737,
    "PHX-SEA": 778,
    "PHX-SFO": 760,
    "SEA-ATL": 734,
    "SEA-BOS": 731,
    "SEA-CLT": 723,
    "SEA-DEN": 752,
    "SEA-DFW": 714,
    "SEA-IAH": 718,
    "SEA-JFK": 757,
    "SEA-LAS": 735,
    "SEA-LAX": 764,
    "SEA-MCO": 773,
    "SEA-MIA": 764,
    "SEA-ORD": 797,
    "SEA-PHX": 766,
    "SEA-SFO": 708,
    "SFO-ATL": 748,
    "SFO-BOS": 731,
    "SFO-CLT": 708,
    "SFO-DEN": 800,
    "SFO-DFW": 773,
    "SFO-IAH": 707,
    "SFO-JFK": 778,
    "SFO-LAS": 749,
    "SFO-LAX": 778,
    "SFO-MCO": 686,
    "SFO-MIA": 737,
    "SFO-ORD": 752,
    "SFO-PHX": 692,
    "SFO-SEA": 741
  }
}